Percentage Payoff Discovered,Attrition,Attrition Rate
32.26262429200127,547,0.7113133940182055
