Percentage Payoff Discovered,Attrition,Attrition Rate
39.90996838926734,82,0.6259541984732825
40.90783623520563,54,0.5567010309278351
