Percentage Payoff Discovered,Attrition
91.22332297129816,12
84.58283652006551,14
