Percentage Payoff Discovered,Attrition,Attrition Rate
52.251020485553056,66,0.5789473684210527
32.11859284281447,84,0.65625
