Percentage Payoff Discovered,Attrition,Attrition Rate
22.347103333897607,29,0.5918367346938775
