Percentage Payoff Discovered,Attrition,Attrition Rate
40.30460657603516,540,0.7142857142857143
