Percentage Payoff Discovered,Attrition,Attrition Rate
99.99993809930176,237,0.47023809523809523
