Percentage Payoff Discovered,Attrition
92.77613091423812,13
84.83680511345072,12
