Percentage Payoff Discovered,Attrition
84.83592156747595,10
98.28670425192632,14
