Percentage Payoff Discovered,Attrition
99.99367964393466,49
99.99380120549559,61
99.99720614792402,40
99.99288753243273,34
99.97169682255802,45
99.96411603717227,37
99.98887557656083,45
99.80657768719617,43
99.9849833665294,42
99.99942912521446,34
99.98342243360298,43
99.99483807367756,32
99.98461057115351,52
99.73164254717246,55
99.97846122603006,40
99.94479811738555,59
99.84347978001203,54
99.99169030417278,48
99.98193105848456,31
99.99629258917037,50
