Location,Funds,Payoff Extracted
"(0, 0)",41.80787926434161,3.8248315835965987,"(0, 1)",20.946736738848998,24.897995674719212,"(0, 2)",51.97420880406112,21.944017390805534,"(0, 3)",48.62256714334912,8.989490947705315,"(0, 4)",41.04585611238374,22.961705585223452,"(1, 0)",42.86282997086349,10.955434916947492,"(1, 1)",39.822519675879825,7.187221583608795,"(1, 2)",39.011628701297624,26.735511730523562,"(1, 3)",29.22718517433392,21.620905774991165,"(1, 4)",40.43375992200675,3.809073015935896,"(2, 0)",42.321488722142306,18.988084052012475,"(2, 1)",39.60577763827359,4.623180306928006,"(2, 2)",33.822758516734226,0.6287738500633269,"(2, 3)",36.19970993075649,1.9912216203092885,"(2, 4)",55.614480493885516,21.935627869735807,"(3, 0)",24.36177537430627,24.94110088778327,"(3, 1)",37.218854392909755,26.582393114846663,"(3, 2)",31.7860182786715,22.748395452435645,"(3, 3)",50.799352572913165,0.9964471808717997,"(3, 4)",30.110290660925514,13.90116141735099,"(4, 0)",46.55651904403332,10.97201821242699,"(4, 1)",41.06161840390257,19.99145072437681,"(4, 2)",50.001158679016385,12.99563588544257,"(4, 3)",44.03977104855729,19.76760203156688,"(4, 4)",40.74525473560592,19.898526774172055
"(0, 0)",33.69912712105504,7.840016458813421,"(0, 1)",46.036349438490795,1.9991246583229427,"(0, 2)",44.92426903051387,26.054395779940165,"(0, 3)",43.78520409010854,3.1793423958158034,"(0, 4)",45.75373285551266,1.9916428733740343,"(1, 0)",45.70357097996632,0,"(1, 1)",37.18257190132083,1.1841206855788915,"(1, 2)",41.19442682068841,15.86513864060283,"(1, 3)",43.95389288491235,21.701859475891496,"(1, 4)",39.30504777948241,28.90721912783461,"(2, 0)",47.635605605129605,25.623214250015966,"(2, 1)",33.806849721103234,5.168741081719936,"(2, 2)",39.87948837910379,4.998435315387881,"(2, 3)",32.60705197099268,6.586686024516787,"(2, 4)",38.94501037351995,9.35638714650741,"(3, 0)",37.13521557981916,19.99872922127555,"(3, 1)",38.59172015865323,9.998584840989547,"(3, 2)",36.28330739392218,1.9222142510736986,"(3, 3)",32.238264414241904,11.357215370287417,"(3, 4)",49.475051542450544,16.79176897999353,"(4, 0)",33.15575535315842,28.67995736239197,"(4, 1)",26.860215111701226,21.309309546180174,"(4, 2)",42.50131095807721,0.9988304238177365,"(4, 3)",46.37690909900911,2.9303980159303262,"(4, 4)",42.97005143706643,2.9730207947217244
