Experiment,Uniform Entropy,Board Entropy,Herding
1,5.643856189774725,5.640096298776667,0.0006661918503292341
