Experiment,Uniform Entropy,Board Entropy,Herding
1,5.643856189774725,1.3654524122469582,0.7580639253847713
