Experiment,Uniform Entropy,Board Entropy,Herding
1,5.643856189774725,3.393216484372013,0.3987769407520192
