Input String,Pearson Correlation,p-value,CI Lower,CI Upper
,-0.007058303664480044,0.4803430469813929,-0.02665977567104074,0.012543168342080654
scientistIncentives citation 1,-0.8603179426829386,0.0,-0.8703101952772005,-0.8503256900886766
