Input String,Pearson Correlation,p-value
,0.10218091170523474,0.31172303653176775
scientistIncentives citation 1,-0.8561396559995231,7.44974955595602e-30
