Total Funding Accumulated,starFactor,Citation Count
6,-0.8666666666666667,10,9,22.0,5,3,0.0,9,3,-0.5,7,3,-0.6000000000000001,8,1,-0.8333333333333335,4,5,1.333333333333333,6,2,5.5,6,22.755104308676504,-0.29617046234548505,31,10,-0.6428571428571428,8,39.1754785277791,-0.07792978530320349,21,1,0.0,4,7,-1.5454545454545454,5,37.84649843802092,0.42827479733510243,18,1,0.0,4,34.393481406909046,0.23926629078572814,25,6,-0.75,8,42.706388890310954,1.158506315219972,7,21.50764701518957,-0.3677140280499209,21,38.566787761636064,1.4817160926094344,18,42.32630281486367,1.385107251760731,10,37.336261286327414,0.44888607409474,18,32.50520794710327,0.4142612292782606,21,29.067107822214812,-0.2534889846569395,22,18.072194398862344,0.06590635727016059,22,15,-0.46673876855654184,21,7,0.16666666666666652,4
7,0.0,1,2,-1.0,5,7,1.333333333333333,5,7,0.16666666666666652,5,6,-0.625,4,7,-0.6666666666666665,2,6,-0.6428571428571428,13,10,-0.5454545454545454,12,34.4646840995209,-0.12737515728910687,27,6,-0.5714285714285716,8,33.99159992752679,0.07185935540896748,26,5,-0.44444444444444464,8,10,0.25,9,40.54575884470509,0.44059774516336336,23,6,-1.2,13,38.51759545069775,0.3863389639237682,24,23.077847378956797,-0.5077996965084872,18,21.700001449377606,0.3016813460187593,17,35.01895407512042,0.5591544520579004,4,38.04392969518634,1.0558752596672818,15,31.07355422565915,-0.01512215301326103,17,30.739757047017626,0.7679516302380844,16,31.435406645153222,1.184179765292435,12,16.609932657914232,-0.28551776222163117,22,26.79423625421266,-0.7685035408539393,18,24.93941600949357,-0.668323932511417,22,17.36402748489415,-1.2803322282141092,7
